<?xml version="1.0" encoding="utf-8" standalone="yes" ?>
<Window size="600,400" caption="0,0,0,400" roundcorner="1,1">
    <Font shared="true" id="0" name="微软雅黑" size="13" bold="false" italic="false" default="true" />
    <Font shared="true" id="1" name="微软雅黑" size="13" bold="true" italic="false" />
    <Font shared="true" id="2" name="宋体" size="13" bold="false" italic="false" />
    <Font shared="true" id="3" name="宋体" size="32" bold="true" italic="false" />
    <VerticalLayout>
        <TabLayout name="wizardTab" float="true" width="600" height="400">
            <VerticalLayout name="vrlLicense" width="600" height="400" bkimage="bg1.jpg">
				<Button name="btn_fast_inst" float="true" pos="192,270,0,0" width="220" height="55" textcolor="#FF000000" disabledtextcolor="#FFA7A6AA" align="center" normalimage="btn_onekey1.png" hotimage="btn_onekey2.png" disabledimage="btn_onekey3.png" />
				<Button name="btn_user_path" float="true" pos="99,364,0,0" width="16" height="16" textcolor="#FF000000" disabledtextcolor="#FFA7A6AA" align="center" normalimage="dot_down2.png" hotimage="dot_down1.png" disabledimage="dot_down3.png" />
				<Option name="opt_agree" float="true" pos="424,364,0,0" width="16" height="16" textcolor="#FF000000" disabledtextcolor="#FFA7A6AA" align="center" normalimage="check_normal.png" selected="true" selectedimage="check_select.png" />
				<Button name="btn_license"  float="true" pos="520,363,0,0" width="67" height="20" normalimage="btn_lic.png" />
            </VerticalLayout>
            <VerticalLayout name="vrlSelectDir" width="600" height="400" bkimage="bg2.jpg">
                <Button name="btn_chg_path" float="true" pos="462,254,0,0" width="106" height="30" textcolor="#FF000000" disabledtextcolor="#FFA7A6AA" align="center" normalimage="chgpath.png" />
                <Button name="btn_next" float="true" pos="236,325,0,0" width="130" height="40" textcolor="#FF000000" disabledtextcolor="#FFA7A6AA" align="center" normalimage="btn_express2.png" hotimage="btn_express1.png" />
                <Button name="btn_back" float="true" pos="383,330,0,0" width="45" height="30" textcolor="#FF000000" disabledtextcolor="#FFA7A6AA" align="center" normalimage="btn_back.png" />
                <Edit name="editDir" text="C:\" float="true" pos="96,256,0,0" width="363" height="33" bkcolor="#FFFFFFFF" textpadding="4,3,4,3" textcolor="#FF000000" disabledtextcolor="#FFA7A6AA" font="0" />
            </VerticalLayout>
            <VerticalLayout name="vrlDetail" width="600" height="400" bkcolor="#FFFFFFFF">
                <HorizontalLayout width="600" height="230">
                    <GifAnim float="true" autoplay="true" bkimage="imgbk.gif" autosize="true" />
                </HorizontalLayout>
                <HorizontalLayout width="600" height="25" />
                <VerticalLayout width="30" height="145" />
                <VerticalLayout float="true" pos="30,255,0,0" width="570" height="145">
                    <Text name="txt_percent" text="20%" width="340" height="45" textpadding="2,0,2,0" textcolor="#0027C000" font="3" align="wrap" />
                    <Text name="txt_info1" text="正在为您安装哒哒游戏加速器" width="540" height="30" textpadding="2,0,2,0" textcolor="#00808080"  align="wrap" />
                    <Slider name="Slider_Percent" width="540" height="15" bkimage="empty_bg.jpg" textcolor="#FF000000" disabledtextcolor="#FFA7A6AA" align="center" foreimage="full_bg.jpg" min="0" max="100" value="20" hor="true" thumbsize="10,10" mouse="false" />
                </VerticalLayout>
            </VerticalLayout>
            <VerticalLayout name="vrlFinished" width="600" height="400" bkimage="bg4.jpg">
                <Button name="btn_finish" float="true" pos="195,305,0,0" width="220" height="55" textcolor="#FF000000" disabledtextcolor="#FFA7A6AA" align="center" normalimage="btn_strong1.png" hotimage="btn_strong2.png" />
            </VerticalLayout>
        </TabLayout>
        <HorizontalLayout float="true" pos="536,0,0,0" width="64" height="32">
            <Button name="btn_min" float="true" pos="0,0,0,0" width="32" height="32" textcolor="#FF000000" disabledtextcolor="#FFA7A6AA" align="center" normalimage="btn_mini1.png" hotimage="btn_mini2.png" disabledimage="btn_mini3.png" />
            <Button name="btn_close" float="true" pos="32,0,0,0" width="32" height="32" textcolor="#FF000000" disabledtextcolor="#FFA7A6AA" align="center" normalimage="btn_close1.png" hotimage="btn_close2.png" disabledimage="btn_close3.png" />
        </HorizontalLayout>
    </VerticalLayout>
</Window>
